user_id,age,gender,pref_Electronics,pref_Fashion,pref_Home & Kitchen,pref_Books,pref_Beauty,pref_Sports,pref_Toys,pref_Grocery,pref_Automotive,pref_Music
U0000,28,M,0.10245376543506693,0.038575450475701184,5.4300015183839204e-05,9.076904651853124e-05,0.11019324665297382,0.5204653360564347,0.07339150245380677,0.07230806044759584,0.04152872159986333,0.04093884781685515
U0001,51,M,0.08573369302558995,0.12521755812023133,0.10107774295724666,0.01171755599723887,0.37166746187243604,0.03620619800669542,0.027364575722532338,0.013472574239474936,0.1430170993438643,0.08452554071469008
U0002,53,M,0.06662473554839991,0.43942191774540834,0.09451011867440039,0.007993556009830273,0.025745332518774262,0.019259972697553685,0.054411865046829086,0.1344534645063015,0.08400581568287098,0.07357322156963152
U0003,53,M,0.40470561018155626,0.06083868116256697,0.02057207967675101,0.0018625893777673094,5.576789734767408e-07,5.9784528235421125e-05,0.09238696276552369,0.0905004976001568,0.3260339252072964,0.003039311821172673
U0004,33,M,0.05593565859044021,0.43908296848158573,0.020318538562790218,0.003742216042573648,0.00431508389003743,0.12244117472371614,0.029430014488183966,0.20643151046384672,0.06337713883927622,0.05492569591755001
U0005,36,M,0.43884844841710435,0.05145124128626586,0.08843678074893702,0.15787098221158868,0.015576199284974758,0.03929627741686802,0.014112991428004063,0.09501714911637629,0.006328451840845128,0.09306147824903603
U0006,37,M,0.05311891031852986,0.025245047891330794,0.0011468711718205808,0.007832893460067401,0.00679691937149771,0.009458581975881416,0.3075686814558565,0.03890622766840079,0.5489042045495698,0.0010216621370452775
U0007,58,F,0.007164744182689882,0.06348460455353623,0.35562940300365214,0.07583484399786988,0.15811411265357256,0.17399737983951072,0.0037180984705461194,0.001913018420233667,0.15527980043636175,0.004863994442026874
U0008,60,F,0.12430951048416723,0.01738332856129131,0.002335103110256272,0.0032534992173875563,0.041387130867932796,0.2199307373419043,0.4406025481800571,0.009365652115660027,0.02496168123586871,0.11647080888547474
U0009,37,M,0.011641406792779191,0.0014268748620479093,0.009110302286818481,0.01837801194177836,0.16707099672299397,0.3285452874710287,0.023367714837888298,0.028588448431614788,0.22084806905017268,0.19102288760287772
U0010,63,F,0.07877183050887976,0.22610718646455963,0.00729642181472739,0.007595957817548418,0.06670051096476871,0.05392841376290257,0.02175463491477151,0.13100560914224227,0.30755589340834977,0.0992835412012499
U0011,44,M,0.17548673546099597,0.26267202013480134,0.16907276413207656,0.009914142379219436,0.13755537797166786,0.009247571645684618,0.050024356944655644,0.10181348771556377,0.061462923324658164,0.022750620290676662
U0012,36,F,0.3352302944048097,0.06512668041856264,0.005152425563159993,0.12491912818878945,0.005645037338953744,0.016962102349766132,0.06642280891278939,0.28782080701529417,0.07753280220727869,0.015187913600595914
U0013,18,M,0.001845393997597679,0.1308970859984633,0.054507787045237156,0.21590796134028895,0.050666573170564666,0.01452444562484661,0.2701828721627081,0.04732776418325706,0.18409928749662233,0.03004082898041419
U0014,46,F,0.08301103044635949,0.2804764988133237,0.20219607778551626,0.056274102200784874,0.0779491464962611,0.18315415314077318,0.04696657669315354,0.00034533747076179264,0.06932644891163035,0.0003006280414356977
U0015,48,M,0.030822359844184185,0.01017527529554331,0.03124017815725754,0.03310703700966448,0.04476949204545045,0.21030794214844936,0.07146918629148859,6.131842103433778e-05,0.047107831264169085,0.5209393795227586
U0016,63,F,0.16517501587275613,0.07471528111262923,0.08907866290837389,0.12191754317800006,0.10835329880771047,0.37783062761616587,0.002064278584404615,0.0009224296151695649,0.0012419283866065992,0.058700933918183554
U0017,51,M,0.012305637501599945,0.0021694384050975966,0.004814181917708152,0.006609123285632639,0.001759998777483972,0.11064694118891975,0.08941155304126623,0.051532415856570896,0.08184045938941485,0.6389102506363059
U0018,19,F,0.011673883144731407,0.03954212785949989,0.01686220999638803,0.1339530278599263,0.11090455964088204,0.23329708462062698,0.0015944880731036354,0.052205946480535705,0.10248009526072314,0.2974865770635829
U0019,44,M,0.023901460021661353,0.06515312879821138,0.131503809225705,0.004038228094123574,0.012198563362624872,0.003674809204209339,0.12504897366994716,9.78920194630084e-05,0.31074617786871667,0.3236369577353376
U0020,52,F,0.02411635887489806,0.16136772236431202,0.053806273206208434,0.26645855734385365,0.2864243416307281,0.013469960122049625,0.04928272039506562,0.025143771907706423,1.6243481583368632e-05,0.11991405067359488
U0021,41,M,0.30204777019033313,0.33488993022877755,0.0012952031967794265,0.0010219637999363687,0.17581249496123624,0.03602630266899039,0.05195176019676183,0.04052377477750075,2.7166905293782705e-05,0.05640363307439042
U0022,38,F,0.28452595332385866,0.03170958346415532,0.007818133724413352,1.095560814536865e-06,0.2695034115883416,0.14515934541955777,0.12229584284377307,0.004749555799917668,0.00040425030237446763,0.13383282797279347
U0023,56,M,0.0032667346961110766,0.001442241200066314,0.36146195469079534,0.00010483635830702203,0.08249118727148842,0.005121629309833256,0.2061748714485327,0.2441020018645547,0.08528265939878196,0.010551883761529188
U0024,46,F,0.23185727949147605,0.40370612159154134,0.008493388815716341,0.06901314235648462,0.10073160438388526,0.03255783956656973,0.00309787485961468,0.0518548561753073,0.09138795382402179,0.007299938935382763
U0025,50,F,0.35307249197919593,0.02804024602933668,0.19037694834195826,0.012321002756510938,0.08222760430478432,0.03937249628135539,0.009916956221192149,0.007517027018810283,0.2770401980782807,0.00011502898857543317
U0026,39,F,0.055528600298432484,0.5043486292016878,0.17514932176499481,0.0167236974021322,1.2648325451517482e-06,0.02354351970875086,0.10011654957805877,0.09172385241234453,0.008828807309066026,0.024035757491987397
U0027,31,M,0.1868917509009592,0.05819311558963389,0.18413583494963964,0.015079451446894028,0.00028673114375373995,0.2492280113942449,0.0020633219118835295,0.02496380656078984,0.19902824376526868,0.08012973233693246
U0028,42,M,0.09448616810590378,0.007499628222298568,0.0006824797076426159,0.05986575654779599,0.036169766708602114,0.010338565564467732,0.009258865805672865,0.6009860217571784,0.08301444459854224,0.09769830298189577
U0029,63,M,0.17825439166771814,0.14538975497226045,0.22107534921143684,0.1351157369073872,0.013839074617021675,0.045963054017529585,0.012255704805580482,0.038166263626274365,0.2098815341602096,5.913601458157246e-05
U0030,46,F,0.0982034403043409,0.004160927326011746,0.04131151273764947,0.18002908196171052,0.08717532231131968,0.3527757367456273,0.0031828351780885094,0.04533049869230761,0.1860786378788469,0.0017520068640975847
U0031,51,F,0.1977294237508345,0.16344680717738003,0.15674293044261617,0.013538529106994898,0.19505652277604557,0.11533214202032724,0.12148617091094971,0.00493027241569301,0.0005837907270267624,0.03115341067213222
U0032,23,M,0.24239678872430523,0.0018809179138062182,1.0068103935173846e-06,0.02373058193435053,0.29831457097747144,0.00022691637845631443,0.028469379062287546,0.009738954644505823,0.2778482257024699,0.11739265785195335
U0033,64,F,0.016619360002101853,0.004780802895002434,0.21743198428852253,0.18582285250962632,0.09353601267228367,0.21899856392910244,0.0911971154124944,0.046174662186882855,0.0809022851906386,0.04453636091334482
U0034,29,M,0.013084239768761182,0.01052469127918268,0.05027491823387772,0.6560728695784058,0.03297604679843479,0.015102779885836776,0.029354888450375784,0.06944095504842121,0.026183516188437343,0.09698509476826665
U0035,63,F,0.38816364830857764,0.27465936081477094,0.0664939684876983,0.01205597968254368,0.01719595561296722,0.01874885578282149,0.005004625722653083,0.012056517261813544,0.015553147778399305,0.19006794054775455
U0036,38,M,0.0029157236513282143,0.03177289105587288,0.27334666765941495,0.0982492930315119,0.06288787393760384,0.177926117767009,0.26027428934478325,0.00453942530078648,0.00022304181715501677,0.08786467643453444
U0037,61,M,0.003465206970156452,0.0016804063159277017,0.21008959021140816,0.022775689281039634,0.3532421309177841,0.062147462484162586,0.17998113823932144,0.04469367067292423,0.04475197511812775,0.07717272978914788
U0038,59,M,0.04249935499234568,0.006501606916865175,0.0027104067369077157,0.04352142881051392,0.021935381129022973,0.6230334507542358,0.013620871602354482,0.13042585433313225,0.008010949980044533,0.10774069474457762
U0039,53,M,0.03200476148264024,0.018989885267844016,0.047489640486164345,0.5478617435461876,0.015822543629547593,0.1986107403899179,0.0006930930447636897,0.12377155900188083,0.014381117999345895,0.00037491515170765395
U0040,61,M,0.08623942847071603,0.0026386942829737716,0.06053620979151234,0.05004228755641747,0.0643142755390001,0.4825273980859482,0.05454319817521309,0.055327191250624706,0.015957753502528062,0.1278735633450662
U0041,46,M,0.0015175183679636542,0.0018105377520618012,0.12705350475921112,0.09504437816122514,0.36677745807158924,0.19298791930491688,0.14389275061170834,7.638139024033187e-05,0.008883092768777983,0.061956458812305326
U0042,57,M,0.1271678512576746,0.036558313358852776,0.11138017260139367,0.06252007605522719,0.05865745654019872,0.08969782899435849,0.41849004067025375,4.327154144215195e-05,0.04280674414453249,0.052678244836066083
U0043,26,M,0.012310854737853098,0.09480879999236218,0.02639686010777291,0.02797106940779593,0.29820313640804735,0.014626904474365971,0.11168700203962743,0.17292735961342204,0.0024679631890924527,0.23860005002966062
U0044,21,F,0.043612445132067544,0.0899508096447227,0.010972023486740938,0.010766888618629324,0.02347042762949728,0.5454686143130622,0.004341676112839012,0.12371165408233625,0.00031217396637283593,0.1473932870137318
U0045,43,M,0.03541814429087173,0.23292627343124347,0.041373921886131725,0.09413706933148407,0.09030200205188874,0.26938226188528464,0.12983150910057087,0.02366993730669202,0.07218128137703071,0.010777599338802075
U0046,56,M,0.09990106779603954,0.0031421565083209137,0.040979839501978685,0.05164111006234991,0.14555758747549996,0.012889924631570421,0.4138682173444878,0.06574238093627827,0.008549469080804187,0.15772824666267016
U0047,53,F,0.2694830541748072,0.09710027036740534,0.002670705964510745,0.027567496707420387,0.019280981499564642,0.13092382329511165,0.3697739345525524,0.02789269882831123,0.013968926398697725,0.04133810821161863
U0048,42,F,0.009019525010330594,0.11869882762649758,0.1435793271098585,0.16630418488930243,0.08208165162072474,0.02555900041006993,0.08230045409135793,0.24685535046009605,0.07083305116538806,0.05476862761637425
U0049,42,M,0.13724401235145367,0.176315766574764,0.01942202881213284,0.021182129426622433,0.019417943588319598,0.4793559825790757,0.048744444380569095,0.00943114314657245,0.08852328481196278,0.0003632643285273126
U0050,46,F,0.06490497166395358,0.01563055137354466,0.05408754383393172,0.033638620563907956,0.15203049560966878,0.28808672815861386,0.014675318165432877,0.06666773976933577,0.31027067442267886,7.356438932016766e-06
U0051,58,F,0.17256441050509005,0.10920842393779279,0.008432832380086963,0.03709831176126262,0.01415304456817727,0.23108685554013506,0.00057206574838821,0.23933960095072873,0.17112808520252631,0.0164163694058119
U0052,57,F,0.008344729705586206,0.0077514121181816,0.051275046761237314,0.07498931105699533,0.3989206995068808,0.2924686391502897,0.08633980187720691,1.1108574764400714e-05,0.00043060814385116863,0.07946864310500645
U0053,23,M,0.3239841345004336,0.2987146614283917,0.01139266145892236,0.019657650245982133,0.011874836261781187,0.00497685818512156,0.009997731491751129,0.06214912755165351,0.19738483988868774,0.0598674989872751
U0054,45,M,0.005304863660371348,0.017022515429014062,0.38070607512864074,0.07688787360238397,0.01423819296979428,0.016162582830633966,0.038245560495541245,0.02285581011309456,0.005678908145242226,0.4228976176252835
U0055,35,M,0.1269779809409021,0.35553625416113976,0.025521747199258822,0.08180232945800169,0.1603663574339831,0.04839064788695501,7.807445665353431e-05,0.1581751308638978,0.00407426643571362,0.03907721116349469
U0056,55,F,0.007693624401636135,0.18992524825993903,0.00355214566724837,0.09813471606412137,0.0007541847136449661,0.10705777489246185,0.048594317604730194,0.5083041658252825,0.023417533281619295,0.012566289289316395
U0057,41,F,0.24232568165065652,0.0005240159102066461,0.008830712557459331,0.06977223373163347,0.01737592688519356,0.01873151971683521,0.28184844757904437,0.2784824130811033,0.0814362881351,0.0006727607527678349
U0058,64,F,0.03562276144607337,0.06999806182944107,0.0053329983256466896,0.1546702887250521,0.04533864329195148,0.0052061555575922585,0.20739125948014414,0.3802901778452706,0.010272480220342325,0.08587717327848621
U0059,38,F,0.09669172920776659,2.091235048177952e-06,0.0005990664097882852,0.00010430549872487185,0.33296021974343704,0.078683712643569,0.0030453941035676595,0.30005326037846797,0.0398958097646549,0.14796441101497554
U0060,49,M,0.017296895308121472,0.007570884210923672,0.007561467917288601,0.0007088611249357576,0.0013907801677304037,0.053184956781155195,0.8443439179525096,0.04279884988299443,0.022405464608285356,0.0027379220460555277
U0061,23,M,0.004234889202756112,0.10024177385013976,0.01616727234098811,0.39908297109982727,0.07154351466443404,0.2618780647895567,0.014720898756899583,0.08314102905932934,0.008352908078184727,0.040636678157884305
U0062,61,F,0.03551136657661504,0.04341785159381613,0.0017724571557640497,0.1568428882585967,0.2394341005204995,0.029915965098258827,0.006295338951854363,0.2562514322924912,0.0004138142707099617,0.23014478528139434
U0063,25,F,0.22196133278697555,0.03077439447595716,0.07197800882707307,0.006670244709914093,0.008417913272932774,0.1793537357923082,0.019906470371058024,0.023274854872201847,0.2771934829293055,0.16046956196227372
U0064,35,M,0.04190196124233203,0.18907623038252674,0.3904577270246423,9.150005858157731e-05,0.020605976895916103,0.11022842652323141,0.07332058520452017,0.07250629090641154,0.0009760355166981029,0.1008352662451399
U0065,57,M,0.0016553602501936215,0.2928643549793536,0.004670739442804475,0.08355156645216678,0.04241385702879163,0.1711182438815498,0.01347581215651584,0.028335053816642582,0.1235814514158652,0.23833356057611646
U0066,63,F,0.1900603042628268,0.012366519160376295,0.08817042182663112,0.26329259455220844,0.06615774902101149,0.24501806004374077,0.05112296425009351,0.018408835650081067,0.06258953443814266,0.002813016794888024
U0067,40,M,0.25361131773003354,0.0305538906290207,0.17852544104566392,0.0035256412319968357,0.061751796249381534,0.08796129307483923,0.10489144783700477,0.17934554978854547,0.09387486451338609,0.005958757900128027
U0068,40,M,0.19624073873946368,0.008652845446499116,0.5239104600937176,0.0357373178442374,0.04029250144451312,0.02522328561559737,0.00039651334444323156,0.009626210478625748,0.005106064148566097,0.15481406284433658
U0069,20,F,0.006544072924489507,0.24780836061692255,0.19787108649355306,0.008728699537668394,0.030605969823947816,0.058699837975571864,9.089298827959546e-06,0.11087208141162162,0.246831212731286,0.09202958918611129
U0070,64,M,0.0557520833220763,0.051801136858180254,0.002397517139931759,0.011849098568278212,0.004741398427501369,0.28832456697262804,0.30129811247607535,0.08252624583141717,9.726067053622925e-06,0.2013001143368581
U0071,18,M,0.31443869807914054,0.004469696258941049,0.005181925187105441,0.07528160648761001,0.0015871944612794859,0.00042869824502746683,0.12659387674969586,0.03785437986492397,0.3596688290811278,0.07449509558514836
U0072,19,F,0.012541958467357036,2.8223889525913485e-08,0.038276366353201204,0.5373759817489919,0.0058526783387081545,0.20068335843326018,0.1389409357976373,0.029862713845374273,0.017916134403868425,0.018549844387711928
U0073,40,M,0.1730771824744548,0.05463318222703955,0.0665226425471857,0.1501780044623608,0.12061373001026637,0.04448246715635451,0.015443721839336856,0.1377498280812827,0.02589019849851557,0.2114090427032032
U0074,18,F,0.20806363489739588,0.00424513751941931,0.10492679965607965,0.12472577617628482,0.012996175297888381,0.04016886725257519,0.033101255884594644,0.40415667786909754,0.05435750680221555,0.013258168644448927
U0075,25,M,0.0889195474133179,0.01682950017895721,0.09211621773415414,0.0018803783647490641,0.41480624843229413,0.08898784447840695,0.006917475348325011,0.04612870437449487,0.019511933967392085,0.22390214970790878
U0076,47,M,0.09028471116590768,0.0167730351090527,0.0980222210304593,0.03820912945635076,0.029034649855023166,0.05275779215879408,0.3069641280020386,0.05375451373323613,0.26587492663870876,0.04832489285042868
U0077,51,M,0.0015357968719893497,0.08538348655164958,0.001029563689628683,0.03815877519070373,0.08993937845335437,0.17741355784167193,0.09094539389872024,0.2059720504830791,5.0125663483479765e-05,0.3095718713557195
U0078,32,F,0.0009970571110631025,0.003674499958018349,0.019763831369804422,0.0006634633354324871,0.043926077074333665,0.24239636820944685,0.09899811136672011,0.05414530394613744,0.4321778619585854,0.10325742567045829
U0079,55,M,0.022953829377488393,0.5151704879084629,0.004889283361813262,0.07710527118603347,0.012134027851595007,0.018204732044269513,0.1305813272904715,0.10959697175240654,0.03601623785796189,0.07334783136949742
U0080,46,F,0.004539166174385379,0.12215446254953553,0.22625525299456753,0.005012964639671073,0.0008140377928738466,0.1312546444572493,0.20974304737365393,0.014142706982741796,0.28560215673519557,0.00048156030012607944
U0081,28,M,0.0028096251265775857,0.22197755998478966,0.05109196688758139,0.33882522357171746,0.11878716904985562,0.09099290468692404,0.15960092265683867,0.011690676517718539,0.002992668703745443,0.0012312828142517235
U0082,51,M,0.15175096467577281,0.14418596521450394,0.010075798596948078,0.008642926127664059,0.14915589243460686,0.15956479796863438,0.27167541325312083,0.04811058188741053,0.014041340154294714,0.042796319687043845
U0083,45,F,0.16770162110656114,0.0004613037477365802,0.2889144281308926,0.014747916688076942,0.07325727368312804,0.024527205960184168,0.00028495389348124207,0.18714796008334797,0.22573466385525717,0.01722267285133409
U0084,56,F,0.06514559410028055,0.11471761207107668,0.2332261447563314,0.04537642300357316,0.00022976270254751975,0.04955575901535834,0.0012507206272759455,0.21867264806623285,0.1101514797874908,0.16167385586983274
U0085,25,F,0.09625830592555837,0.0022908954892424797,0.31663906273425935,0.02757426098025584,0.06714417813923731,0.05686507826292983,0.11312503610929393,0.19020156432334004,0.12892133181163667,0.0009802862242461313
U0086,28,M,0.1543279239329417,0.22334680703856746,0.010241702895505696,0.042241876340390186,0.2969918371829369,0.00760509899655147,0.006304549084101633,0.015472967602296325,0.22110112948102206,0.022366107445686564
U0087,32,M,0.10339639298893737,0.0020584826645467917,0.008723833351735997,0.02454049676417867,0.07258694199597043,0.3480584229199049,0.010671260619824525,0.1886424283378736,0.013986556789947532,0.22733518356708018
U0088,34,F,0.19398206629177406,0.04681037225593154,0.0006907628783123477,0.4895118938589455,0.08101595993850284,0.02797038222744503,0.061522289448489795,0.017639108711815513,0.02285574473155767,0.05800141965722574
U0089,59,M,0.007448741812345916,0.46219614350017557,0.0002634300175219052,0.0037249789708091036,0.0010736871014028913,0.0532215268932018,0.17822067219616483,0.12187888485972052,0.1714147058868257,0.0005572287618316694
U0090,52,M,0.00017850203613635626,0.21717710079879038,0.3557506361202469,0.0985781986026082,0.004275679237880964,0.002627678659137257,0.017775444069367957,0.08753144933657502,0.19557877331178503,0.020526537827471894
U0091,43,F,3.074108410531156e-05,0.03225005087728776,0.010112199031646188,0.3551374356263256,0.0007444841393933587,0.021660111622991342,0.021933062612348314,0.10892480351111306,0.05470391263208034,0.3945031988627088
U0092,43,F,0.37445324654332357,0.18546455560805467,0.17374353574742007,0.0007777285988056657,0.16590768215852128,0.002121629994426989,0.009062778273597125,0.03606741680510564,0.021679599129905493,0.030721827140839465
U0093,59,M,0.20416309866353574,0.0004891838850166134,0.01090838590495636,0.026570861369846502,0.10991960443174413,0.06532067526832805,0.02529132546495141,0.03190854754538709,0.12080464065748396,0.4046236768087501
U0094,38,F,0.026325625098347336,0.18580169262597548,0.1887783162468049,0.00262670598412034,0.004549757886487731,0.04623569745244127,0.23157269372035727,0.23604202288439793,0.07742754048747724,0.0006399476135904315
U0095,28,F,0.12208768843470943,0.31526068777225963,0.18991003294933964,0.17089983347526982,0.1627483399852354,0.0016004770478943128,0.0035453348261189153,0.024396378705447634,4.9957824407715965e-05,0.009501268979317546
U0096,24,M,0.12612041498382257,2.1803556024833514e-05,0.10482881982905325,0.006419162619454828,0.17534095546954354,0.20821893089489898,0.03528078443354832,0.0010161163086098706,0.23069762599268795,0.11205538591235589
U0097,33,F,0.4366039587594529,0.01621772766584738,0.0059033152546665146,0.0008034296152906043,0.010613782853785201,0.08704457195535384,0.04056349237483791,0.3997044368593314,0.0003464218209008702,0.0021988628405331966
U0098,48,F,0.25379766982713486,0.01609291175710758,0.1795488846844851,0.0037434951731433277,0.10618474593707788,0.08016443244102042,0.005377224021533861,0.010791408832863992,0.30699227005241175,0.03730695727322109
U0099,40,M,0.0040656157184459935,0.03853017147698381,0.0956903728441725,0.0844710366831476,0.0017676892755904366,0.3043594746641362,0.002483947403567069,0.04668871472474766,0.3607290296800211,0.06121394752918753
U0100,37,M,0.3813232246884957,0.00429801023545239,0.0011774984292589965,0.05034023648155845,0.10271413995530354,0.2534016731428032,0.12053232551592188,0.016458085835589477,1.994407215869678e-06,0.06975281130840058
U0101,40,M,0.027380176932285415,0.3761429922483429,0.08891424577680268,0.028122823200826156,0.036198812343698455,0.04261441157256104,0.13838102874956978,0.03247811419690313,0.0003171671104802392,0.2294502278685302
U0102,63,F,0.010730138980365395,0.16963772984012038,0.11198696300886161,0.3114798517167797,0.010346187025219045,0.0005311249726152633,0.23548080085246986,0.057656677325580934,0.08624806393806804,0.005902462339919808
U0103,64,M,0.11795556787890589,0.0007421080798989272,0.0007870832012689281,0.10988550697756902,0.04619708490176617,0.21519120434849495,0.02878083821809616,0.14889702056178236,0.17753911163779884,0.1540244741944188
U0104,25,M,0.24154278305895127,0.13509864744036157,0.016525841782254212,0.023600308604523633,0.15092978142210445,0.05883987636848417,0.00018454438724678824,0.003719680401695714,0.3162563606637007,0.053302175870677475
U0105,23,M,0.19711080030101885,0.03302535022746447,0.33747768657019284,0.0827278239163054,0.27296122833886477,0.0005283271017263318,0.036803034367270185,0.0009976115358848985,0.00024966946647025104,0.03811846817480203
U0106,29,M,0.0002221999153369333,0.007836379352992053,0.12710531545183001,0.13981558773396888,0.02692225299418029,0.20140185087865145,0.04518960447083602,0.01985185967426461,0.11054411990251693,0.32111082962542276
U0107,58,M,0.1836700958456362,0.09178721978395439,0.05097572924967143,0.005349041253145016,0.0016130359212033212,0.2459718552742097,0.121529680174345,0.24207373983664052,0.004762155760593554,0.052267446900601124
U0108,39,F,0.12585464395620832,0.03070184093796522,0.0025884080830224717,0.007277918800263233,0.07359897898706477,0.01337482688712047,0.6442481836449302,0.04723558935383292,0.03078958262884864,0.02433002672074355
U0109,58,F,0.06629655612789727,0.19427940218290154,0.022300035858801144,0.047790540969303553,0.0703895985700265,0.05936042318239443,0.2177490975865877,0.0205022822464884,0.02730100683179327,0.2740310564438062
U0110,48,M,0.07151606337307288,0.14125536599968527,0.0053447169009672975,0.041365271757043215,0.013575173972270526,0.18481085367354064,0.0008547603286147646,0.01341823307596924,0.45911437298691254,0.06874518793192352
U0111,44,M,0.2310205927054395,0.12041857385612419,0.2395558124727831,0.0027286627915957848,0.006731635688258263,0.002944071890301535,0.12384377144531918,0.004004042865159975,0.16344127670469635,0.105311559580322
U0112,31,M,0.008212945251570087,0.14067989510281098,0.49469134596214004,0.004674011285151009,0.007758041323111153,0.10333465591578425,0.0526644187660519,0.15848492930593708,9.55686008602227e-05,0.02940418848658337
U0113,34,F,0.003193499600500735,0.03344634789968194,0.3341309628243584,0.025888520735078368,0.0169297743117923,0.05794450732443152,0.31828659678664517,0.16849466247295458,0.004020936795870403,0.03766419124868668
U0114,24,F,0.13629764518249204,0.014648036692708826,0.013527793953409887,0.12758328462293975,0.11475987295419514,0.10923887179283033,0.12296832826149799,0.01284974782902878,0.22677850517637793,0.12134791353451925
U0115,42,F,0.2690623388565302,0.07712284684520407,0.0004132095956082925,0.035928614982735904,0.024199701121331508,0.043334948350556166,0.1337310243206289,0.31297162315855864,0.09808068517788725,0.005155007590958965
U0116,31,F,4.6581183331115046e-05,0.06921479559657294,0.10991073822826802,0.033213320924941545,0.4496203817836193,0.0005153996901623082,0.00067591388155565,0.10510115708992172,0.006844874045112477,0.22485683757651498
U0117,31,M,0.11531302898767522,0.24203221477285944,0.04834397095415859,0.025229790914678103,0.0003645691979527704,0.0036574400093853585,0.001343237274898942,0.01541463102557346,0.1856542025391641,0.3626469143236541
U0118,19,M,0.027760382860826657,0.12256113091525202,0.5401506647767715,0.14478455351918953,0.03576003003676311,0.02633921177898276,0.002814412298087313,0.06621644142123653,0.009536734757013452,0.024076437635876982
U0119,55,M,0.06997985303083026,0.032207417241921096,0.21506959959817518,0.03642831764543475,0.04912457260810904,0.05298682278968774,0.09507994939748336,0.39686660182628425,0.04820074701364839,0.004056118848426043
U0120,62,F,0.6416473743820554,0.049238687287204916,0.10316332917574447,0.17420123069702254,0.013330070433828032,0.0024399719794870206,0.004764981526576917,0.002079379524057346,0.009115930015163955,1.9044978859320534e-05
U0121,41,M,0.014638870021600466,0.0027694328540066523,0.0034948370294520877,0.27266974826262713,0.01584412642849961,0.4088978905211542,0.0775865179470044,0.1268244929695366,0.0008126905242073369,0.07646139344191157
U0122,43,M,0.012909523967980162,0.10773382147808165,0.18900692526575907,0.021466626450440413,0.0018659034669236366,0.00012338895063427276,0.018108048470147995,0.05162205029631584,0.026532266954299593,0.5706314446994174
U0123,61,F,0.033101823545049605,0.2775888357211207,0.2228023217483564,0.1125258770355001,0.04184913713751528,0.21646602550252192,0.01891474745835308,0.03481823811942253,0.003462186348348985,0.03847080738381142
U0124,42,F,0.26302931214458186,0.17723865515455695,0.021062712300741266,0.25980266376465805,0.038257241311914214,0.0005848383341798772,0.17115155141907154,0.01321329014785886,0.0025667135514401357,0.053093021870997285
U0125,47,M,0.08135482385835623,0.002964419809649201,0.05613696869185307,0.00489908234998665,0.24982870728777934,0.08386441763513533,0.22534521692800685,0.22720263968904456,0.03997495647566717,0.028428767274521646
U0126,38,F,0.006976279439301354,0.03158224142300463,0.14265456745929078,0.12375241794615748,0.3752801377084659,0.15404586151276117,0.04595828740609186,2.9871796725755305e-05,0.004040541292262315,0.11567979401593888
U0127,42,F,0.014084735003156528,0.35334329318443686,0.0012735251115522852,0.2928225154251673,0.011359115046278036,0.06917642351703714,0.0993922247142461,0.08566031730708315,0.04342769633577476,0.029460154355267835
U0128,42,F,0.038932658200537346,0.07949795564760831,0.16591180497004412,0.03872518997870582,0.0009715856650387525,0.16318974859904012,0.31160103232604375,0.028067271362180946,0.09114264387195774,0.08196010937884296
U0129,51,F,0.006925034312682088,0.004792933389377849,0.09361773699036102,0.02762872648075228,0.1534035453875195,0.5231853468069454,0.16555041760566275,0.015661357766271353,0.0021471852638189283,0.007087715996608693
U0130,46,M,0.002840612904555308,0.28131469636718215,0.18435662137364858,8.770810290497845e-05,0.10233099734875474,0.05494965789071235,0.03170993623364043,0.30620295852779167,0.002071391698205043,0.03413541955260471
U0131,41,F,0.29686270979118384,0.020719818575934155,0.001145475972677478,0.0313862929499538,0.5127157173634787,0.10702683702416532,0.003503878864311631,0.00980482246539455,0.008323536625631716,0.008510910367268946
U0132,21,F,0.001796857336442862,0.06931114579645176,0.11315923203789531,0.12992023392731067,0.04744281543413615,0.012685316277211627,0.00016792319120691236,0.0009785742977454265,0.0391460383716837,0.5853918633299157
U0133,60,F,0.06032620496842064,0.1290433014470671,0.13655341483347788,0.0013536344154150084,0.007941841768614654,0.1255196474729321,0.04317680739990166,0.1865627600118293,0.07598721540264691,0.2335351722796947
U0134,59,F,0.21493888215251927,0.15010861115812252,0.217629835789608,0.037101484756760846,0.023886733599830928,0.21912068760024456,0.05366563158020835,0.033887739142084004,0.02063543884025228,0.029024955380369307
U0135,26,F,0.011870539987237276,0.06847426998410208,0.09132273096215,0.361859726457196,0.0009371285119942514,0.12047835788846276,0.06182082048447504,0.029803784431992882,0.1290704154495312,0.12436222584285839
U0136,31,F,0.15616965479191786,0.006044659532981463,0.26182077675975196,0.03534157260427041,0.05660538122511269,0.054163143631501466,0.14456242489164378,0.0039128486868727184,0.12377208885369687,0.15760744902225082
U0137,63,F,0.14832415276389024,0.011428271979257335,0.18944102941296412,0.15781266604584795,0.14321334444046172,0.0779002996438885,0.0006162201176268904,0.012259981838468267,0.049743573511477644,0.20926046024611733
U0138,33,F,0.019782487442859795,0.08916438359999188,0.2225216543635649,0.036197500984451465,0.026672695045015522,0.07990936994400999,0.4503875589268871,9.61324664263049e-05,0.039986460308341236,0.03528175691845191
U0139,56,F,0.017318523276899166,0.014400241742541571,0.004216925527463724,0.11432711797874297,0.18662068457006467,0.5850789713198138,0.010706032292044799,0.01479174584142584,0.02916282919786341,0.02337692825313994
U0140,54,M,0.010559716449682293,0.03162264643179641,0.004250998378621572,0.03567895313680524,3.2836610636725967e-05,0.0008248631753718417,0.20907029061566484,0.5703317512427978,0.12746305101125754,0.010164892947365722
U0141,58,F,0.04325915305295166,0.4511106122910591,0.17459145558115008,0.00665468902734614,0.11364381508804604,0.011324950993605252,0.016533349955970823,0.051627913963243725,0.12059267820874776,0.01066138183787951
U0142,18,M,0.039827577593470824,3.715517884427317e-05,0.023218769811232852,0.0013739333060189879,0.000709462052709455,0.11634426262385968,0.0076837703533448555,0.12423496715022465,0.1003227768633597,0.5862473250669347
U0143,40,F,0.13946752850627628,0.1184138560934203,1.1743010999850855e-05,0.34808660998492474,0.05375831790801382,0.023689974735276186,0.12551477808939682,0.04554712400015257,0.13167996311735147,0.013830104554188035
U0144,44,F,0.006089150030065122,0.15076415909501167,0.002246049144383789,0.1585017249809843,0.19100558594030156,0.09365619654315252,0.16648520007428352,0.17405732576852667,0.006830354485607047,0.05036425393768391
U0145,57,F,0.1509305586911572,0.028938611570705968,0.006432598926018039,7.896655651704942e-05,0.04979068646526892,0.07625867015419893,5.454885501029464e-06,0.6383781812813804,0.017553169332359286,0.03163310213689329
U0146,28,F,0.03725205659770174,0.04746806632781274,0.03088964025386252,0.13974961886964385,0.021465101383551507,0.07102514969421236,0.44273062744691977,0.16158102038890326,0.0473581864519908,0.0004805325854013319
U0147,32,M,0.30919872153064704,0.13541869002375523,0.0016772824351484875,0.013778191143743342,0.014131303278096736,0.006620976028663929,0.01774968981990562,0.050307835664830984,0.30130810700631916,0.1498092030688894
U0148,26,M,0.2294012222305609,0.016213051665062494,0.19719673251333314,0.007483863418041252,0.07243980776076954,0.050997661438990816,0.07544680245137352,0.0004605730864811799,0.34985938722486837,0.0005008982105186852
U0149,53,F,0.29660030666901976,0.00014043013197428852,0.0008336110165458362,0.11785566653313606,0.03581149529175021,0.016036207258637587,0.20711146047842793,0.13244385590295188,0.19110423203307467,0.002062734684481891
U0150,64,F,0.002227993148908872,0.23997386252390784,0.0017229559636970438,0.00443351426335315,0.009022226770578692,0.002638990571644473,0.6220297725626791,0.0007939842571177199,0.056527426288697856,0.060629273649415366
U0151,24,F,0.029353293071534912,0.11075967416603333,0.020074122741845245,0.010111859431707011,0.051927369694799504,0.0038373086760128284,0.47571107582847794,0.01378911181692718,0.0001751054753610232,0.28426107909730086
U0152,28,F,0.018782239121491233,0.0283041761921028,0.027987582524163307,0.23583213222333693,0.07327228681642155,0.2656162047422176,0.03670406022791417,0.2659979182747965,0.012510578486573545,0.034992821390982476
U0153,32,F,0.004570812063243652,0.006713062543784555,0.0914114316548585,0.03989755829060197,0.005389976238964984,0.12742776289898014,0.2132224408842215,0.2811854270707195,0.002260014700774508,0.22792151365385074
U0154,59,M,0.38170433641071605,0.20771166166108654,0.1879745300196944,0.0038559062790112565,0.022257862517181586,0.02601263476134434,0.000712286774343092,0.15766896588188678,0.0029930290682998973,0.00910878662643589
U0155,38,M,5.247120479058583e-05,0.17624990797461795,0.4362555556313969,0.02650054870399055,0.016859674097121434,0.06905300256880516,4.8599726764942206e-05,0.08797387003363555,0.01161582081549465,0.17539054924338227
U0156,31,F,0.06861248204499962,0.2088136256924168,0.27132692571748324,0.0017444242424243803,0.007325833582225634,0.04613798456084698,0.006528208993156862,0.06985148367783638,0.2051828216131811,0.11447620987542916
U0157,33,F,3.069074839048745e-05,0.002633955399551435,0.016454201057729163,0.48424697343186585,0.19956693331849606,0.0007689261708898375,0.14640259207799897,0.0734387694352367,0.01892086711205076,0.05753609124779067
U0158,46,F,0.5841427244598324,0.1306667430764102,0.0025643512785796666,0.04626123501973492,0.00029374405687451467,0.009012236360427747,0.16607583149606125,0.006259015354042321,0.024867993025275252,0.02985612587276162
U0159,36,F,0.06299594692788142,0.049254102347163944,0.06910986312054035,0.0835107001692488,0.02355367935406783,0.019091397394834536,0.46143174048977004,0.030163935741309787,0.1321518491033366,0.06873678535184673
U0160,24,F,0.0053340637934555755,0.042873910189308986,0.49974027727815057,0.06151812044867898,0.05705035006677433,0.0005305567041644234,0.0924017859650676,0.2078737590650188,0.0005269657409837764,0.03215021074839686
U0161,56,F,0.007479233199944212,0.17341640313675558,0.03059744332741135,0.0025665795975329557,0.02322572498147558,0.05375307667408629,0.003486536622382977,0.5461701580791266,0.09536823739237549,0.06393660698890895
U0162,37,F,0.0022990491861532643,0.276094300824383,0.016204724303774325,0.09648953421505478,0.01629276575559846,0.2268978673976085,0.3469145670563094,0.0026355451743642964,0.015927280814735968,0.0002443652720181792
U0163,30,M,0.505656937554543,0.1303074032308703,0.001620186722685544,2.149528364180438e-05,9.305959190968228e-05,0.01891852278008467,0.007289608887977161,0.006010013797095951,0.038983871666710246,0.2910989004844817
U0164,52,F,0.08070544594865259,0.01808372222723778,0.0330264575046235,0.053088565399665985,0.3367663295168623,0.16621629607793617,0.021017103573548527,0.15802469012082077,0.10024166667267988,0.03282972295797253
U0165,53,F,0.015080538374659992,0.1121417662705964,0.017879727099556528,0.00198147386797475,0.030432898145184427,0.46355537523157253,0.0004183960360141148,0.045261440476563546,0.2701017265414222,0.04314665795645555
U0166,25,M,0.10873201955405179,0.0003106935283050507,0.034778280779053906,0.18078271216756306,0.001321696215490344,0.032679394980713115,0.33161186125911146,0.014916325202222093,0.2882791785129788,0.0065878378005103525
U0167,21,F,0.011428337367081567,0.029939819262918516,0.0013512420794788182,0.05086375204003492,0.0273524101619237,0.14831563971920275,0.014008122092160109,0.004503950626975322,0.11929748216121559,0.5929392444890087
U0168,20,F,0.2125830844489811,0.0005904570714371342,0.25767300478725813,0.14578290029635615,0.0010482015636494048,0.173752258241459,0.06373623219087211,0.105217055764934,0.0129273844832041,0.02668942115184896
U0169,53,F,0.14324535629245863,0.08480188276931566,0.015199016742019955,0.0645913240938726,0.0877623466529544,0.08423427620709872,0.13615926004402784,0.36465616533652995,0.01785381798784349,0.001496553873878993
U0170,47,M,0.22166756182986902,0.002435571267400075,0.08235509438822809,0.019600142444164245,0.18242839229766236,0.11903048553225233,0.0014793631526815393,0.04519074904135751,0.1754617440034686,0.1503508960429162
U0171,55,F,0.06509449951943413,0.018272034821345,0.27931228417663745,0.38371752826178745,0.03974131353248772,0.003199249726459859,0.02668946894684434,0.02724098120765682,0.014308914118129857,0.1424237256892175
U0172,47,M,0.6437427172730854,0.0004151642626277565,0.0011837314245574822,0.08103973341393853,0.006120457775440847,0.006186162087525766,0.11630865108431435,0.038824696039277906,0.021864892144766855,0.08431379449446501
U0173,36,F,0.11264514906967332,0.23142050083241547,0.011977580123527487,0.16537724476274454,0.022655097013029948,0.05517026127705917,0.014580363020771097,0.048036875755380994,0.019013942126277345,0.31912298601912065
U0174,45,F,0.0017147519177398314,0.030125186440224307,0.030127386817236406,0.3711401438534263,0.04430983932484395,0.009783793842690678,0.08471123501219223,0.09112676517073981,0.336172954059643,0.000787943561263609
U0175,51,F,0.11330287837494168,0.020291523834835398,0.20541764147210453,0.4284342867368303,0.0014568836282613108,0.0034217866299740395,0.013796687134341425,0.09007876194377865,0.10342695353288864,0.020372596712043802
U0176,36,F,0.005993428541556765,0.17860409066158914,0.002504259794536309,0.10893086120802249,4.624382069485215e-05,0.055247515780035755,0.00017279879584533627,0.010559035329612835,0.07062335099026473,0.5673184150778415
U0177,61,M,0.025300220951237806,0.0008338056714205034,0.020709906180397527,0.13671107834246213,0.06718886313422259,0.002480216000136257,0.034281646319319854,0.08172812938008847,0.030044677524316315,0.6007214564963984
U0178,60,F,0.04527064554963226,0.02903967432132179,0.01891944830898285,0.19143014514140305,0.1706584553062463,0.24587443555254554,0.05190737646565509,0.11059712042936765,0.1324688247777584,0.003833874147087202
U0179,55,F,5.951768558411954e-06,0.023105608810602984,0.0012918634374922279,0.1083141618634501,0.012154279061160208,0.012165310672370571,0.007413050666267478,0.1426542785843871,0.09750948222803556,0.5953860129076755
U0180,64,M,0.030666299301961058,0.17522411011174754,0.420415842155451,0.04826078082447441,0.004090516885191482,0.007499729526238204,0.20436980487139705,0.009625199771829497,0.09701051728359175,0.002837199268118101
U0181,36,M,0.04108587931383241,0.07814196940418741,0.10720013356239008,0.16440915700959727,0.01496279847728475,0.20145452102797956,0.0737904457248921,0.2423671219955893,0.04645955017644968,0.030128423307797497
U0182,23,M,0.0013430376582989033,0.0004688815638257319,0.0027872799662053667,0.00820951448827253,0.048268356269421525,0.12347864240202973,0.04565615980864072,0.17424985600023163,0.5170121767115687,0.07852609513150503
U0183,40,F,6.662567273162621e-07,0.10004730979254327,0.014311504322508675,0.004981039545177333,0.34532221873698415,0.007838976736227118,0.019562698407209363,0.4185016343432309,0.04711726574354774,0.042316686115844174
U0184,53,F,2.849552543000287e-07,0.04406416425208827,0.0016659223671010065,0.006932512045840534,0.2738320661644884,0.1459132713765171,0.1317428173650989,0.17232527101381998,0.13819958526363282,0.08532410519615856
U0185,54,F,0.012618767883514462,0.20297908400774323,0.0073847720859625526,0.10024262688903068,0.0033345763199809043,0.023187845101487047,0.03889119720653802,0.027429361069321197,1.058772745941716e-05,0.5839211817089625
U0186,36,F,0.006303825139589194,0.0008415409224233995,0.0022559150447476156,0.3447338341734931,0.009957093927588697,0.18257613455759025,0.03994569614648695,0.3176845611177843,0.0045934362356945466,0.09110796273460184
U0187,31,M,0.00013067507861330707,0.2189181626178504,0.07224425927130475,0.012957898163768288,0.4548086583031993,0.0212736965185452,0.12240935370939449,0.06566553384582546,0.00730714604406162,0.024284616447437346
U0188,38,F,0.13001499017015777,0.04442334583463495,0.39902612527057846,0.23991062004471356,0.04033974672673928,0.00044785093235192783,0.023994943874123358,0.015418695968724682,0.026202389230276523,0.08022129194769965
U0189,55,M,0.014027489427823413,0.002830326383844365,0.08935657003413801,0.5042779255120808,0.01518047478125921,0.03913161436138033,0.10177430162797456,0.016274732177058878,0.1663385589983086,0.05080800669613187
U0190,20,M,0.05672737964178912,0.1682197580407237,0.015953216110818264,0.07634222217580892,0.00011964042300330027,0.2254126120626077,0.01773602297033558,0.09619053481798222,0.12617186326063334,0.21712675049629782
U0191,33,M,0.049636303232096335,0.008328815028966135,0.007556289760857473,0.06687523280822205,0.02526086424438316,0.020644172297217368,0.5792152056514929,0.0007280712413634709,0.06187792788423624,0.17987711785116484
U0192,28,M,0.12442874407100862,0.2979837211681031,0.002788978555926929,0.003908938692981966,0.006427435611350655,0.05693364252064655,0.0017908524850182314,0.0399279165306024,0.020493947335696806,0.44531582302866474
U0193,55,F,0.003477018960379193,0.022246696575289902,0.09512342351188119,0.07861167972337252,0.11290629038473377,0.10896062508973281,0.019541829157902542,0.15480503092480918,0.071532908867676,0.33279449680422263
U0194,40,F,0.08440407695974368,0.030549604731311263,0.5107949504444023,0.009156924090142923,0.022942659019132464,0.2714527474052359,0.0286965185983848,0.019887054654352563,0.0014362766101622894,0.02067918748713181
U0195,22,F,0.031222392063622786,0.17729279977574644,0.1385892874302747,0.13016185587485657,1.4835067053082592e-06,0.14910850201043216,0.012288625091766365,0.1853884329288027,0.14078583349581253,0.03516078782198042
U0196,30,M,0.24764093706317009,0.00014635446306814716,0.006345454986400913,0.30036570169591126,0.01416092920221831,0.00020217308524758844,0.0006079581813827615,0.20438881916407245,0.08615753418332191,0.1399841379752066
U0197,20,M,0.010945519735990115,0.0019181580629764779,0.013465445593340867,0.31800963837895196,0.047683603352020966,0.007975900531233803,0.15026494479756694,0.32517902327934395,0.12439812330479726,0.00015964296377778416
U0198,40,M,0.40741338913874203,0.22182918272968785,0.06426529181538815,0.118648034211612,0.006851969779398478,0.05452404579008147,0.07196590557839289,0.0033225720257698704,0.04133125684722359,0.00984835208370369
U0199,64,F,0.09265254936066256,0.02450352142844097,0.03611257701576322,0.0017176024947206613,0.004325080660747004,0.02698799454833324,0.07303596098886415,0.0005422314186014895,0.04423508828397712,0.6958873937998895
U0200,44,M,0.04365697840636646,0.2757264424723152,0.0043724563879297814,0.1805217913462384,0.06564790719156396,0.05334896509671917,0.00096576342725884,0.3084076393486678,0.009609292549464684,0.05774276377347582
U0201,58,M,0.017131493169776548,0.12722172212446295,9.099161068681205e-06,0.21816310804992645,0.11129312611006457,0.025790753419931072,0.3459756265959707,0.11186731541843757,0.01507850104358128,0.027469254906780163
U0202,52,F,0.0018372519625474747,0.003525310290981799,0.0058993726979280885,0.42215411342060694,0.0710389887414918,0.30024913394785385,0.0718471955263299,0.07029833033835949,0.022888518730210635,0.030261784343689854
U0203,59,F,0.01814308794636643,0.20114339202010315,0.017797454834209928,8.364526865408928e-05,0.24054612470152295,0.18194884603211522,0.20711383011483095,0.009707941280524613,0.03700630236288004,0.0865093754387927
U0204,32,F,0.004118151415275243,5.4102674871794893e-05,0.004243647669819874,0.0850219957018503,0.053432229082617674,0.42246838487081334,0.013426556108829245,0.04055925818177074,0.02512502469186841,0.35155064960228344
U0205,62,M,0.09433359356633217,0.12386952774628204,0.005716705719507526,0.31644204762689426,0.21966661855886563,0.011948638358152339,0.2100386208090605,0.003823921641239135,0.0038793654203060886,0.010280960553360344
U0206,29,F,0.02194905560559476,0.026001021441875317,0.15638707001464397,0.154678743945946,0.08616115576684935,0.20330809575136694,0.19569699545970048,0.11515209714548898,0.020013780190946732,0.02065198467758763
U0207,38,M,0.15674694053077817,0.02002465978331454,0.19455324985493477,0.06455276694201303,0.048663425003187,0.10788990642774851,0.3194189935054625,5.912386717481013e-05,0.047434924284482115,0.040656009800904544
U0208,50,F,0.31724299594045335,0.005181003029689601,0.06233970098836301,0.2110028560423686,0.12107061751177318,0.044442192813089934,0.0006751192524896456,0.04628784174052341,0.1848044280600679,0.0069532446211813155
U0209,31,M,0.13196716498850633,0.0009880877983908937,0.08720126450659595,0.10883029530279384,0.13036350592021587,0.07616733432254945,0.1058283295840869,0.0004925912762187014,0.2697679208465998,0.08839350545404218
U0210,30,F,0.05898931881513338,0.0396258849590866,5.38446293427522e-05,0.026254925982800957,0.0370442753498736,0.015796623536146956,0.11589704670036494,0.6915201964654689,0.003685998550323001,0.011131885011458922
U0211,24,F,0.05939989284367197,0.04464448154939726,0.01912880446623079,0.11656355105376935,0.13388179931019958,0.38728420593786345,0.030115910982347876,0.0039952437890584365,0.20044386726582708,0.004542242801634259
U0212,18,F,0.27667837104580434,0.28254811046117173,0.0003455879169050059,0.08680062006131264,4.427915929167693e-05,0.29954592654629003,0.007598824762739738,0.025879820428599792,0.01494998729352789,0.00560847232435719
U0213,41,M,0.0003646628765557425,0.24902356876992668,4.510315867533173e-06,0.011032207886960138,0.26997500548667563,0.1876299142025213,0.004594616860330999,0.014468794332953954,0.04152590148836037,0.22138081777984772
U0214,64,M,0.06550304552283469,0.19165536909261102,1.6310981631414803e-05,0.006529564094318787,0.12537015020392034,0.18577586979065006,0.14243388402719953,0.19564369211466448,0.004250706015850069,0.08282140815631951
U0215,28,F,0.01526200870574978,0.0332735616096086,0.1902464755118165,0.0022181971698731723,0.10918374013094627,0.10756201590793461,0.04211164427345884,0.2817512225222272,0.13470542361285365,0.08368571055553152
U0216,38,F,0.033757503396919145,0.4784593604608937,0.03424648648566567,0.09931807727773438,0.071334589074312,0.005759117184997338,0.009879307737279932,0.0051126985868722805,0.26195791573036736,0.00017494406495829816
U0217,61,M,0.21790254183447547,0.12340074166094261,0.0116542501647512,0.10487850221015625,0.1965740538753602,0.019009590312220284,0.080404178952786,0.17005438349339344,0.03711115124617327,0.0390106062497413
U0218,54,M,0.002405436334978774,0.23714968494708125,0.20111916225790827,0.006818112782874202,0.13457747000388176,0.13338199565936426,0.13046859333857733,0.008120088927344225,0.1337003377914303,0.012259117956559543
U0219,18,M,0.006743446302290643,0.023648308718736015,0.03524653727643133,0.07199671590354152,0.22392726338955385,0.12677988022098544,0.01458839298701813,0.0862040779045896,0.03795022350010025,0.37291515379675333
U0220,41,M,0.00020785788022395347,0.007987350571010968,0.12690810177507322,0.00044391775303771503,0.20039773300699,0.02044590475439995,0.00489547382285958,0.010459519706011163,0.5877443571628657,0.0405097835675278
U0221,24,M,0.021309668109240138,0.3682112125723944,0.020549988257729444,0.09359538853927461,0.061414599311942576,0.026006632772017577,0.01797867388484554,0.2642408753146739,0.04430095520457765,0.08239200603330411
U0222,29,M,0.43679232622516445,0.01658500717636892,0.010673047370664135,4.2793889941032436e-05,0.3074480143663806,0.0018528494676816303,0.10390478488266028,0.08545108422816128,0.0033637660908665728,0.033886326302111205
U0223,29,M,0.6975066042178044,0.02668803010464109,0.07775344027830448,0.027132063046835596,0.06063672621879209,0.005400623471289628,0.019654260274082538,0.055275583846966486,0.029336721606576913,0.0006159469347067267
U0224,46,M,0.0008609803483330764,0.2797761978238086,0.05842549306433533,0.04656089949444006,0.14929786851565846,0.10029230323493603,0.021053204342368657,0.0045910497301143785,0.018812967745330277,0.3203290357006751
U0225,27,F,0.07234890329805502,0.1496356772599594,0.020337594769948057,0.00029665001450147687,0.10170673116346805,0.0003490377569344045,0.17884847706443371,0.030077294377967873,0.39480134923917326,0.0515982850555587
U0226,29,M,0.15393340110873485,0.036257666985861435,0.042333363543417116,0.16338223592837794,0.0009632154079711976,0.3021783231887806,0.23876597905501032,0.012834304405395063,0.04904817591654627,0.0003033344599054046
U0227,28,M,0.002696362704707548,0.05354850165418616,0.0005965689635885912,0.023205020817170866,0.0011053422782167544,0.27780426016650545,0.15552967927158104,0.06042370640050004,0.1542999391875699,0.27079061855597375
U0228,34,M,0.2846759521820826,0.12511323712723826,0.1216059786955088,0.03978121431090987,0.03417564312183741,0.170387875410187,0.005287855776241892,0.1789160551545625,0.03719508530286648,0.002861102918565244
U0229,48,F,0.2792299088769092,0.04925286442568071,0.013546337796205133,0.10220943416431262,0.041059578053805515,0.07408207394128216,0.16797996804201096,0.17772751903267298,0.05512559056943495,0.0397867250976858
U0230,36,M,0.016977909209456375,0.02872932354782576,0.15092817709808665,0.041847116605136896,0.15608981149894152,0.39661509212647883,0.015517062653241768,0.049758679733550464,0.05860117330001812,0.08493565422726361
U0231,33,M,0.057030677528039024,0.0029223680216535664,0.08502124805416235,0.02801870218107652,0.0017499614583775175,0.016847901947457354,0.5212703838825702,0.2627251918208823,0.0015895215153912744,0.022824043590389972
U0232,42,M,0.11282252134853357,0.01328436926113545,0.0013069352753485107,0.00773369039058478,0.00215958858561674,0.02065511313763675,0.00011023895181246199,0.0008388257596731257,0.41314354012160964,0.427945177168049
U0233,46,M,0.06548637448571105,0.08098628900045728,0.01449505638605548,0.011316959322854592,0.0036169415385575595,0.010189853345625454,0.042177483465408706,0.5448163129635952,0.19754751311777838,0.02936721637395638
U0234,18,M,0.11520454296184264,0.023850369282385042,0.11456852139080038,0.0043260737386962645,0.01767390876497227,0.08878664571964198,0.17350714088923164,0.14536705711060516,0.3014038374131239,0.015311902728700711
U0235,59,M,0.06628793131608166,0.39409515813433976,0.007998706946087173,0.04557581077899995,0.01660183114041669,0.13396598829257317,0.014692450261563775,0.10254518775383026,0.00547631429524991,0.21276062108085783
U0236,61,F,0.03180372374436969,0.0021995746777992435,0.2092250337623525,0.10473192270008083,0.21269904926244754,0.24092606216665843,0.12742492887994422,0.07027054356635583,0.00034858304304478266,0.00037057819694702964
U0237,46,M,0.3375749926615215,0.005024420732999649,0.0016706870907259258,0.05086328418040955,0.0010094940222969574,0.2144251090713847,0.0010851094810836414,0.36525043044210587,0.0014350317478100754,0.021661440569662193
U0238,45,M,0.032770172152669315,0.32665802539048255,0.0674411599049904,0.048154089351722294,0.373174334621836,0.017174314164934923,0.0013799858842999746,0.012070953169588764,0.078503253069933,0.04267371228954277
U0239,50,F,0.001345178150511147,0.14304533089223018,0.0008470737460357276,0.15006726735376122,0.407237939809287,0.11545473190679269,0.037063020874562536,6.797502676856699e-06,0.015260605657724371,0.12967205410641827
U0240,38,F,0.2874348895539538,0.0001348883671732402,0.06705578941905999,0.16790858894588934,0.025159829277740388,0.11936251260456408,0.0012736438150150072,0.05210773642794266,0.0179812683087396,0.26158085327992175
U0241,35,F,0.13995163553789527,0.0012516853994640296,0.008342131566079101,0.0052295373273894535,0.030992981563269822,0.38111028010888376,0.04682141925458342,0.17828307308063682,2.9513293540213177e-05,0.20798774286825808
U0242,34,M,0.011022410834099996,0.12356526818452399,0.3260449354800197,0.12272933377521053,0.11975762742216195,0.053195263203988874,0.0965064045293373,0.003965262504296399,0.11183213060960072,0.03138136345676049
U0243,25,M,0.08560219112725355,0.18063161720679222,0.0003150979020452208,0.011076551986412641,0.22379947768765873,0.05203838452252001,0.29603351990380133,0.011392011076799947,0.05537567100324669,0.08373547758346969
U0244,57,M,0.15973945610748436,0.006881135045402272,0.5833759045458601,0.019489762743525298,0.01743409092479679,0.06070147983795202,0.02641785263456632,0.013708585814698493,0.1081237777057272,0.0041279546399869355
U0245,33,F,0.006174643453994936,0.7454469642779417,0.0001229141676874371,0.0047669096196416485,0.010700466547672368,0.0785527378401596,0.009832417394193702,0.0018139380467456028,0.0013092564748647287,0.14127975217709834
U0246,31,M,0.09874993753677741,0.020317272079415968,0.010093853506138336,0.04147066981635108,0.2802245925596875,0.41706970251070774,0.057087205911228664,0.0041039214695517525,0.0018512787032920418,0.06903156590684946
U0247,63,F,0.01083946348997111,0.10539884556170825,0.008792133608376718,0.0013609563490378947,0.24214218190818385,0.5744868358666133,0.032986138301138966,0.004795471321252853,0.0017412197834059343,0.01745675381031118
U0248,41,F,0.09397836123936858,0.05214705415675999,0.02692865299011066,0.01189299527663708,0.0016791599124347117,0.6124320526162421,0.05883596320502491,0.01617674177909943,0.12126127189743383,0.004667746926888643
U0249,47,F,0.0040372693242518055,0.0032417002777809746,0.00012867115019934235,0.1343567148441531,0.15580394894161562,0.0059935612806129865,0.12663483532896425,0.2964407291718103,0.13034383191777715,0.1430187377628346
U0250,29,M,0.13863050032645138,0.0014206713310695486,0.001059056143642183,0.27521129215916584,0.32674577190011717,0.07338802408367541,0.0049236153582986495,0.0024935750224905078,0.11447746447101223,0.061650029204076966
U0251,31,F,0.018787173490138802,0.046244959433640605,0.005985225538776834,0.024130368122435922,0.39828149396426055,0.0439124094033238,0.39491269869241197,0.06730886480967144,0.00042056449836896947,1.6242046971091274e-05
U0252,52,M,0.04867838299728894,0.003741799367696229,0.3605269457456978,0.11260381799553962,0.006700079694441902,0.11508875865992241,0.007105495875920332,0.0441393848985477,0.08432651413168687,0.2170888206332582
U0253,39,F,0.20378015354180778,0.02835559835095159,0.006185783622480459,0.1870923105457849,0.00410273088927079,0.19542762115553275,0.3433002387636841,0.02010932169198824,0.0107536442900847,0.0008925971484145887
U0254,24,F,0.40087550381275955,0.009198555640867282,0.25496832754881077,0.019120712720706583,0.04257804700312777,0.01930365669118069,0.14982257130448634,0.0010743114279560917,0.02372742738200668,0.07933088646809822
U0255,57,F,0.06748814639828331,0.04781818467655361,0.00518887524548751,0.0009290527063747927,0.020851444945190745,0.1624647320450323,0.19261774119476435,0.21783965467857463,0.2848015101698719,6.57939866866241e-07
U0256,36,M,0.02159994118764403,0.36613796915312463,0.20158895234060736,0.11816335502570272,0.01780543048127841,0.11881686639853752,0.02747466901931183,0.0018274301278323078,0.00018165620750895052,0.12640373005845237
U0257,49,F,0.03299517027819036,0.042977822678379865,0.11835484574201638,0.06201861003934733,0.14319965943296595,0.37580646129825906,0.04812364184010695,0.09053970325170557,0.000740649607071085,0.08524343583195729
U0258,34,M,0.05866617006191066,0.017907909467362978,0.15875572330559792,0.040036497865757525,0.17999299434757798,0.2346407345241605,0.004001289782458574,0.15868038862736292,0.009384612753134016,0.1379336792646769
U0259,44,M,0.2667746121660877,0.04586086360443859,0.04667249089887535,0.055917970566702,0.0012324633337382333,0.03660333964985798,0.00031065285556398925,0.0033739901786248886,0.0023531455955404005,0.5409004711505709
U0260,54,M,0.011445104725358467,0.12435104972050114,0.04417847806670935,0.02197949235920048,0.0001617723650201684,0.0363032044982138,0.2320480700874661,0.06508255264014255,0.4173585406948168,0.047091734842571106
U0261,59,F,0.1600487207468015,0.1071512989450659,0.21763305344715703,0.005217505150738529,0.21893746161036134,0.0658175749703939,0.006122627024107973,0.007929959472478747,0.1995405953555016,0.0116012032773937
U0262,27,F,0.13693275294346344,0.011794112687589363,0.5042161133842313,0.2838445734408977,0.024723975760922747,0.003787565328285913,0.0035499922403954367,3.4380871890088324e-07,0.02911153463358227,0.002039035771912803
U0263,49,M,0.17065581624009973,0.014776159847000155,0.3861090293111974,0.011080205189014557,0.020340055461414437,0.01831904179271781,0.25641235928609624,0.0005540353849143506,0.1217128895638755,4.040792366994863e-05
U0264,60,F,0.06857243131018897,0.1083570849320123,0.12727402492297038,0.011697573342548197,0.13881704337336678,0.08575699583250865,0.06955394692353488,0.023392881420790462,0.0026674990456433656,0.363910518896436
U0265,48,F,0.029464343383831592,0.0032148485214529127,0.011555188302743885,0.0025268314370971994,0.24572324393634212,0.0015598083963469429,0.0687786686462443,0.39989636994211586,0.022334588210057685,0.21494610922376736
U0266,24,M,0.3062370365202158,0.1502765095028312,0.17835832524597986,0.07484463761253801,3.475996025773335e-06,0.0919473289003805,0.12266429238356444,0.03497859167508653,0.03709486049514539,0.0035949416682325382
U0267,26,F,6.957190509906694e-05,0.040425523174129875,0.00935580061557333,0.18315478361674242,0.1292013620822022,0.1725277445210959,0.0032132542508045594,0.11184164154186652,0.3167987751760748,0.03341154311641135
U0268,27,F,0.05554432669194028,0.08910525230653785,0.08268497562178806,0.06245203465666658,0.09099690857225375,0.40854429599257425,0.026812667860526038,0.06023209865287797,0.10223041420859802,0.021397025436237217
U0269,23,M,0.21234254789509183,0.0006416405126626679,0.21230744951361338,0.026960899697529923,0.0055511285699030525,0.008718954880557562,0.15329681033240325,0.23982010151338579,0.004061967752993288,0.1362984993318593
U0270,53,M,0.03414883913981987,0.0653474856662806,0.02511107576473267,7.41830355298063e-05,0.023308341608383375,0.020616065153326486,0.513253257846348,0.032076177408402386,0.0006770876376090656,0.28538748673956765
U0271,63,F,0.2781247957148268,0.000997211978416753,0.1610283539593969,0.08211222399690594,0.0627269211160029,0.002737423242442702,0.05421567652953068,0.004543076302435811,0.2673698158576425,0.08614450130239908
U0272,42,M,0.172224276166372,0.0017091246458559918,0.06879818716968247,0.008647605851846684,0.12679440231847075,0.15198620634388157,0.012946245581353549,0.42206136721360094,0.020662944954166543,0.014169639754769597
U0273,46,F,0.07438775275991086,0.11601724012334066,0.038173477809031756,0.01971532809735133,0.00628019250697384,0.05743263467712559,0.004443007269558682,0.46046664334198084,0.017309408301557756,0.20577431511316885
U0274,54,M,0.0005770643828952328,0.2834505366760979,0.005110480541991447,0.0008486969806917516,0.13837116698803867,0.031150907053784923,0.031148408066938426,0.235447135664318,0.18802356016838817,0.08587204347685562
U0275,37,M,0.46606802087183474,0.17333548434812968,0.003523024127174839,0.016547534348274398,0.08814939232931301,0.10808607320512825,0.07890550107431583,0.06369776898850868,0.000395775205543737,0.0012914255017767433
U0276,40,M,0.03570248281449068,0.01416118465788467,0.004156716585414977,0.1556279815283139,0.28355055665159595,0.23162178819356224,0.07032164406285925,0.09687071597235625,0.012441330641300145,0.09554559889222199
U0277,45,F,0.08660172188509047,4.681781268291814e-11,0.15302398318867225,0.16671811491323785,0.15918844239545238,0.17183425717562445,0.0014792089446250083,0.03520770713696327,0.20551178780552787,0.020434776507988604
U0278,32,F,0.16715895444147516,0.021042644048385743,0.009031969469337053,0.016017235084677277,0.00036536945298052624,0.0002291853972979243,0.142132028828424,0.3004364937750153,0.08955308707241828,0.25403303242998854
U0279,20,F,0.03614147922660718,0.28721091678882515,0.0011307789521957027,0.023153276593097186,0.22353711811680668,0.14374661003501585,0.09713060860431325,0.009030319887700559,0.17837008592972695,0.0005488058657116142
U0280,44,M,0.11550239151580961,0.0033755712538043117,0.15757891805944854,0.0015582316378140084,0.0719853895759937,0.01190313282758519,0.04843987873593169,0.017706255532670887,0.5389474201108254,0.03300281075011659
U0281,56,F,0.09459509689348142,0.11865193043447966,0.004703226944082076,0.005424174372874526,0.07417612633113549,0.37422932288181715,0.08052056762696015,0.0541452884570576,0.08621601626103159,0.10733824979708036
U0282,21,F,9.886722319826716e-07,0.004025242863539161,0.16879325783464866,0.12730565146087214,6.256572440654031e-06,0.24028410039773226,0.23629478335131943,0.06629027175852785,0.12203686682442771,0.03496258026426023
U0283,28,M,0.2590605809305526,0.05860484551818588,0.16736005508527466,0.12663603894756273,0.115765737052673,0.14392573096511238,0.07117699312925488,0.011595436411170073,0.04578211364397247,9.246831624134207e-05
U0284,30,F,0.01182286379175813,0.16057903468074158,0.012864613532387194,4.424657144830944e-05,0.19879592638696716,0.01878843213067945,0.07442256235950981,0.007386507824022146,0.45039081386175855,0.06490499886072759
U0285,55,M,0.027683772610504573,0.16590970084693482,0.0041129809535340985,0.06188731058771638,0.007112036264466309,0.08890907778273942,9.371819190660192e-05,0.047356824861910125,0.5957049590019661,0.001229618898321745
U0286,41,F,0.13151560815845104,0.007259569783194352,0.014350587418147504,0.048549561317588676,0.17472000269229246,0.08581025576229527,0.38828221492115156,0.03647774991170481,0.029880887247246635,0.08315356278792771
U0287,43,F,0.00041542900595847,0.0022616217844084793,0.024327217047918452,0.528992314670612,0.01257739093783245,0.26726806662411606,0.009804515695911885,0.13400359946726104,8.445901250711536e-05,0.020265385753474113
U0288,48,M,0.013969079020257385,0.19564035688599657,0.05883650619576189,0.009746319631160022,0.22556517145597205,0.017168512124500674,0.004156948408644872,0.016106680094417878,0.4290586765909141,0.029751749592374414
U0289,30,M,0.11647932697861457,0.032424159167638876,0.007083798464742195,0.1959089837255795,0.08474224406688736,7.237618601636803e-05,0.0737791707128763,0.006416850369510349,0.48217643768135887,0.0009166526467757354
U0290,51,F,0.06849747189404093,0.33533594855501,6.87279494826951e-05,0.30951279018742883,0.0022436530318196714,0.10482324476201263,0.02224451746048664,0.004620209021576742,0.10223686549158835,0.050416571646553644
U0291,19,M,0.2952091570206355,0.0036029705188719897,0.00829170117461502,0.04978147616112404,0.04395768776508184,0.2935882064910567,0.110236264805787,0.13195725689726537,0.059108464834580696,0.004266814330981691
U0292,23,M,0.02573862666789149,0.0804929872883364,0.04375027667028355,0.24670843393437264,0.19616825929156462,0.1990659619482823,0.0633338679243696,0.04538416879751897,0.09464654881191387,0.004710868665466574
U0293,56,M,0.0006164832745092141,0.06164573153954592,0.14317873200038567,0.007998153810975978,0.0007733780595777751,0.10110369367993478,0.21870043263320119,0.02874791746546438,0.021488298463733985,0.41574717907267117
U0294,48,F,0.004851706377847634,0.1707037057993564,0.04070352674954292,0.010588838406587541,0.3585887816192496,0.027438846788633005,0.20988492672761336,0.02863416063725908,0.14544960523447126,0.003155901659439073
U0295,26,M,0.0556434111561797,0.45793575900041966,0.03880395625764721,0.07251793008969998,0.10957390087536036,0.03177839539907466,0.009024298679844228,0.08174807669754199,0.12853008581111952,0.014444186033112639
U0296,38,M,0.14378175998428427,0.05288718562782388,0.004433771109587387,0.012660846782745967,0.00822442257824858,0.009764023896398343,0.021809871222440918,0.6841123858354413,0.05992819280574417,0.002397540157285208
U0297,20,F,0.0497550814460097,0.19797119081216832,0.11304178884166151,0.2134595883046928,0.04616370492992354,0.052127961394776295,0.010077287742215977,0.00247055157379549,0.07628875211200073,0.23864409284275565
U0298,49,M,0.06547960441118235,0.19703987862521002,0.12594123146231334,0.12048299262005255,0.20386418617483765,0.07453784320065693,0.012198996278870783,0.03445957446730583,0.011313199399153321,0.1546824933604174
U0299,53,F,0.3036438985082326,0.00022794836667922906,0.03932926382027733,0.0279158363084127,0.02621761634751868,0.15936252239581192,0.1855994526455566,0.04889660019025466,0.20415103097419626,0.004655830443060225
